x1,x2
0.4967141530112327,-0.13826430117118466
0.6476885381006925,1.5230298564080254
-0.23415337472333597,-0.23413695694918055
1.5792128155073915,0.7674347291529088
-0.4694743859349521,0.5425600435859647
-0.46341769281246226,-0.46572975357025687
0.24196227156603412,-1.913280244657798
-1.7249178325130328,-0.5622875292409727
-1.0128311203344238,0.3142473325952739
-0.9080240755212109,-1.4123037013352915
1.465648768921554,-0.22577630048653566
0.06752820468792384,-1.4247481862134568
-0.5443827245251827,0.11092258970986608
-1.1509935774223028,0.37569801834567196
-0.600638689918805,-0.2916937497932768
-0.6017066122293969,1.8522781845089378
-0.013497224737933921,-1.0577109289559004
0.822544912103189,-1.2208436499710222
0.2088635950047554,-1.9596701238797756
-1.3281860488984305,0.19686123586912352
0.7384665799954104,0.1713682811899705
-0.11564828238824053,-0.3011036955892888
-1.4785219903674274,-0.7198442083947086
-0.4606387709597875,1.0571222262189157
0.3436182895684614,-1.763040155362734
0.324083969394795,-0.38508228041631654
-0.6769220003059587,0.6116762888408679
1.030999522495951,0.9312801191161986
-0.8392175232226385,-0.3092123758512146
0.33126343140356396,0.9755451271223592
-0.47917423784528995,-0.18565897666381712
-1.1063349740060282,-1.1962066240806708
0.812525822394198,1.356240028570823
-0.07201012158033385,1.0035328978920242
0.36163602504763415,-0.6451197546051243
0.36139560550841393,1.5380365664659692
-0.03582603910995154,1.5646436558140062
-2.6197451040897444,0.8219025043752238
0.08704706823817122,-0.29900735046586746
0.0917607765355023,-1.9875689146008928
-0.21967188783751193,0.3571125715117464
1.477894044741516,-0.5182702182736474
-0.8084936028931876,-0.5017570435845365
0.9154021177020741,0.32875110965968446
-0.5297602037670388,0.5132674331133561
0.09707754934804039,0.9686449905328892
-0.7020530938773524,-0.3276621465977682
-0.39210815313215763,-1.4635149481321186
0.29612027706457605,0.26105527217988933
0.00511345664246089,-0.23458713337514692
-1.4153707420504142,-0.42064532276535904
-0.3427145165267695,-0.8022772692216189
-0.16128571166600914,0.4040508568145384
1.8861859012105302,0.17457781283183896
0.25755039072276437,-0.07444591576616721
-1.9187712152990415,-0.026513875449216878
0.06023020994102644,2.463242112485286
-0.19236096478112252,0.30154734233361247
-0.03471176970524331,-1.168678037619532
1.1428228145150205,0.7519330326867741
0.7910319470430469,-0.9093874547947389
1.4027943109360992,-1.4018510627922809
0.5868570938002703,2.1904556258099785
-0.9905363251306883,-0.5662977296027719
0.09965136508764122,-0.5034756541161992
-1.5506634310661327,0.06856297480602733
-1.0623037137261049,0.4735924306351816
-0.9194242342338032,1.5499344050175394
-0.7832532923362371,-0.3220615162056756
0.8135172173696698,-1.2308643164339552
0.22745993460412942,1.307142754282428
-1.6074832345612275,0.1846338585323042
0.25988279424842353,0.7818228717773104
-1.236950710878082,-1.3204566130842763
0.5219415656168976,0.29698467323318606
0.25049285034587654,0.3464482094969757
-0.6800247215784908,0.23225369716100355
0.29307247329868125,-0.7143514180263678
1.8657745111447566,0.4738329209117875
-1.1913034972026486,0.6565536086338297
-0.9746816702273214,0.787084603742452
1.158595579007404,-0.8206823183517105
0.9633761292443218,0.4127809269364983
0.82206015999449,1.8967929826539474
-0.2453881160028705,-0.7537361643574896
-0.8895144296255233,-0.8158102849654383
-0.0771017094141042,0.3411519748166439
0.27669079933001905,0.8271832490360238
0.01300189187790702,1.4535340771573169
-0.2646568332379561,2.720169166589619
0.6256673477650062,-0.8571575564162826
-1.0708924980611123,0.4824724152431853
-0.2234627853258509,0.714000494092092
0.47323762457354485,-0.07282891265687277
-0.846793718068405,-1.5148472246858646
-0.4465149520670211,0.8563987943234723
0.21409374413020396,-1.245738778711988
0.173180925851182,0.3853173797288368
-0.883857436201133,0.1537251059455279
0.058208718445999896,-1.142970297830623
0.3577873603482833,0.5607845263682344
1.083051243175277,1.053802052034903
-1.377669367957091,-0.9378250399151228
0.5150352672086598,0.5137859509122088
0.5150476863060479,3.852731490654721
0.570890510693167,1.135565640180599
0.9540017634932023,0.651391251305798
-0.3152692446403456,0.7589692204932674
-0.7728252145375718,-0.23681860674000887
-0.48536354782910346,0.08187413938632256
2.3146585666735087,-1.867265192591748
0.6862601903745135,-1.6127158711896517
-0.47193186578943347,1.088950596967366
0.06428001909546277,-1.0777447779293061
-0.7153037092599682,0.6795977489346758
-0.7303666317171367,0.21645858958197486
0.045571839903813784,-0.6516003476058171
2.1439440893253257,0.6339190223180112
-2.025142586657607,0.18645431476942764
-0.661786464768388,0.852433334796224
-0.7925207384327007,-0.11473644146689901
0.5049872789804571,0.8657551941701215
-1.2002964070557762,-0.3345012358409484
-0.4749453111609562,-0.6533292325737119
1.7654542402810969,0.40498171096095553
-1.2608839543350452,0.9178619470547761
2.1221561970126332,1.0324652605511468
-1.5193699659540134,-0.48423407286625136
1.2669111491866227,-0.7076694656187807
0.44381942814622843,0.7746340534293368
-0.926930471578083,-0.05952535606180008
-3.2412673400690726,-1.0243876413342898
-0.2525681513931603,-1.2477831819648495
1.6324113039316352,-1.4301413779606327
-0.44004448669698376,0.13074057728609134
1.4412732890661155,-1.4358621511794394
1.1631637521549596,0.010233061019587049
-0.9815086510479509,0.46210347426327075
0.19905969557347003,-0.6002168771587947
0.06980208499001891,-0.3853135968617602
0.11351734525124804,0.6621306745210467
1.586016816145352,-1.237815498826849
2.1330333746562666,-1.9520877995225019
-0.15178509503558332,0.5883172064845765
0.28099186773503265,-0.6226995198205938
-0.20812225035727522,-0.4930009346588328
-0.5893647569442115,0.8496020970210246
0.35701548596504734,-0.6929095952606542
0.8995998754332507,0.30729952087660933
0.8128621188389601,0.6296288419236122
-0.8289950109220723,-0.5601810401969696
0.7472936051232618,0.6103702654334648
-0.020901593964148132,0.117327383308782
1.277664895788425,-0.5915713888358299
0.5470973811700379,-0.20219265243389406
-0.2176812032272203,1.09877685198719
0.8254163489880298,0.8135096360006385
1.305478807154329,0.02100384163275905
0.6819529712949639,-0.31026675659345604
0.3241663524884421,-0.13014305436768459
0.09699596499271819,0.5951570254369136
-0.8182206832334725,2.0923872756854602
-1.006017381499702,-1.2141886127877322
1.1581108735000678,0.7916626939629359
0.6241198170521551,0.6283455092642799
-0.012246772846914623,-0.8972543714858315
0.07580455819372633,-0.6771617115121117
0.9751197334177512,-0.14705738150213865
-0.8254971967925115,-0.32138584165299344
0.41293145427562433,-0.5637245528039747
-0.8222203955664315,0.2436872114919123
0.24496657110872277,-0.5069431753711298
-0.4710383056183228,0.2320499373576363
-1.4480843414973241,-1.4074637743765552
-0.718444221252436,-0.21344715171184725
0.3109075655980046,1.475356216949552
0.8576596232020194,-0.1599385299634271
-0.01901620790268883,-1.0025293646378088
-0.01851313599238993,-0.2886586389201383
0.3227185603380895,-0.827230943552323
0.5193465142411723,1.5327389130025777
-0.1087601484568576,0.40171172209894146
0.6901439917111125,-0.40122047188583626
0.22409248181041677,0.01259240078179486
0.09767609854883172,-0.7730097838554665
0.024510174258942714,0.49799829124544975
1.4511436077950417,0.9592708260852069
2.1531824575115563,-0.7673475628880495
0.8723206367206782,0.18334200573835174
2.1898029332176723,-0.8082982853551515
-0.8397218421807761,-0.5993926454440222
-2.123895724309807,-0.525755021680761
-0.759132661553698,0.15039378647620763
0.34175597577715944,1.8761708392158862
0.9504238381860503,-0.5769036556624031
-0.898414671348358,0.4919191715065057
-1.3202332070206422,1.8314587658543537
1.179440120721287,-0.4691756521047048
-1.7131345290908775,1.3538723741654128
-0.11453984525261789,1.2378163119734618
-1.594427658794367,-0.5993750229537729
0.005243699718183166,0.046980593764742055
-0.45006547147924364,0.6228499323474987
-1.0676204293825944,-0.1423794850212935
0.12029563171189886,0.514438834058749
0.7116148780888898,-1.1246420918378692
-1.5341141707356223,1.277676821898509
0.33231401197959165,-0.7484865365565536
1.551151975522523,0.11567463429285867
1.1792971840638264,0.06751848141010895
2.060747924881987,1.7553408424432044
-0.2489641484790735,0.9715709509543554
0.6453759495851475,1.3686315575323487
-0.9649234605801045,0.6860514599984393
1.0584244868495878,-1.7587394864231143
-1.183258512665775,-2.0392321777601006
-0.26940683444455776,0.7175422557959623
1.502357052096028,0.07409478041977519
1.6286155455712918,-1.3801014582148914
-1.7033824393551547,-0.05554769889661878
0.3840654489393073,-0.03269474809409311
-2.0674421000398766,-0.08912003951278841
-1.3044695005048532,0.6696725488300385
0.36659824609684827,-0.9398797863273552
-0.5138669173366935,-1.0592135218889516
-0.06267909727317188,0.9551423205012383
-0.9857260463355437,0.5040465155178444
-0.5302576183724408,-0.7928728322623442
-0.10703035995455783,-1.035242322419374
-0.553649305347182,-1.1978778925888485
1.9647251329163893,0.03526355197172861
-0.6997255079925856,0.213979910734222
-0.11232804969082982,-0.22096959953322298
0.6141667000434252,0.7575077100473051
-0.5305011476105275,-0.57581824064468
-0.275051697151644,-2.301921164735585
-1.5151910621985523,1.3668742674445247
1.6449677135012837,-0.24903603955637832
0.5765569630557664,0.3112501545435361
3.0788808084552377,1.1195749114345768
-0.12791759148076653,-0.9555404406004258
-1.6064463202575725,0.2034636358672231
-0.7563507452843033,-1.4222537095976742
-0.6465728842425266,-1.081548003614395
1.6871416350725648,0.8816397569494505
-0.007972641316617372,1.4799441388900259
0.0773683076476183,-0.8612842013282637
1.5231240772696573,0.5389100436846587
-1.0372461543264564,-0.1903386780836082
-0.8756182533847572,-1.382799730964336
0.9261775475316414,1.9094166404701305
-1.3985675738191412,0.5629692366905709
-0.6506425691218269,-0.48712538376469605
-0.5923939242388692,-0.863990769679816
0.04852162794482699,-0.8309501164110378
0.2704568257798388,-0.05023810944913695
-0.23894804686640975,-0.9075636620415979
-0.5767713305683327,0.755391225825756
0.5009171876243808,-0.977555244798551
0.09933230542922587,0.751387123371789
-1.6694052811213718,0.543360192379935
-0.6626237589458467,0.5705986685931593
-0.7632591565425169,-1.804882100664519
-1.6275424378831627,0.048084946661381994
0.25972250172148187,-0.9043166251044086
0.6385924587773739,-1.6615200622689599
-0.06607979864731657,-1.2110161997624567
-0.6518361078021592,0.047398671316414016
-0.8604133652839524,-0.38455554422982535
1.0062928092144405,-0.5768918695231487
0.8356921120651418,-1.129706854657618
0.5298041779152828,1.4415686206579004
-2.4716445001272893,-0.7968952554704768
0.57707212718054,-0.2030453860429927
0.37114587337130883,-0.6039851867158206
0.08658978747289992,-0.15567723539207948
1.1677820616598074,0.2544208433012131
0.3376026620752022,-0.4118769661224674
-0.48760622407249354,-0.4325581878196209
0.39445214237829684,-0.42098448082026296
0.2897748568964129,2.075400798645439
0.8711247034316923,-0.32602353216784113
1.2012139221639448,-0.4080753730215514
-2.038124535177854,-1.008086310917404
-1.8707919210258557,-0.35151348404130867
0.0184183791895517,1.6764373122752827
0.32692737376416264,-0.21910052880886424
0.8294055811834892,-2.211135309007885
0.23561455810856594,0.7708651938869668
-1.4785862457798415,1.143754043206929
0.3384964074944141,-0.4152879139008013
0.6327818661062848,2.270692857804396
0.18186625505849516,0.24822058630033608
-0.4593608995402441,-0.8498443694647918
0.8303358165442456,-0.8560838259088672
0.07156623721939247,-0.4776574467651167
0.47897982574639186,0.3336621052869483
1.0375399442578992,-0.510016398854747
-0.26987493529337125,-0.9787637157823074
-0.4442932600761116,0.3773004930448522
0.7569886166453519,-0.9221653241776254
0.8696059201056602,1.355637858804951
0.41343490322370086,1.876795812558066
-0.773789199103573,-1.244654703311417
-1.7787202489042786,1.496044311489183
0.6543656563540577,-0.05558467091045507
0.2799686263198203,-1.1254890472983765
2.4457519796168263,0.1292211819752275
0.10939479460489289,0.725766623898692
0.4810092317367132,0.22388402427913137
-0.7904744554453119,0.4714683571359957
1.8820244964750337,1.3454200461549777
1.593186626639397,-0.5112156764311852
-0.9896048202585809,-0.12578692009964815
0.055724912288694604,1.0941915184709485
-1.6924646297148194,1.5295503194606137
-0.15800789857898942,-0.42688106994742003
-1.0121043752601675,-1.6548566718657693
0.8231705839619146,0.07331796718840389
-1.2899608997410539,-1.295078772063616
-0.3357846992901282,1.669021525289393
-0.2595913513636048,-1.5031429531181062
-0.24574306408594432,-0.2727235697476705
-2.6968866429415717,-0.05429486651781221
-0.23093453020867796,0.6962063648134184
1.8489560949453452,1.1265650295477574
-0.26888869055483056,-1.1065259087416703
2.5733598032498604,0.05921843401448826
0.013929291912946203,-0.024125087110003277
0.19808476076785494,-0.14436041192394247
-0.5736620068802363,-0.5468589412403921
-0.03275327021599839,-0.543424771133765
-0.7128457826771644,0.10643022769189683
-0.2549772174208553,1.5039929885826886
-2.650969808393012,1.0915068519224618
1.246085192497629,-2.0733902324081495
-0.34268759408034877,-0.37144086599579146
-1.4075116947178212,-0.7778166875908753
-1.1105758454658288,1.7522704434236227
0.9356783931474612,1.2715550949941588
0.7216720640432351,-1.1290517712172292
-0.5245202662797737,0.48937456122791806
-1.2221278088919454,0.7129984301723881
-0.24032539815813503,-0.3748208075495975
0.7109599682034915,0.44426331148603976
-0.3609661658190799,1.159329803364248
-1.0810633275998973,0.6159356069442637
0.5931012579683838,-0.3095464393139903
0.326133022242118,-1.251113576385303
0.924027019206901,-0.18490213644298903
-0.5227230205190395,1.0490092258368893
-0.7043436905427592,-1.4084612963635597
-1.5566291735239037,0.6060099513456396
-1.280429352496283,1.7547941819843647
-2.081929407883722,1.6964563682900382
0.2110174672026184,-0.09671311187039239
-0.5449190868089497,0.39913611435207086
-0.037634702424848364,1.1033018820165215
0.11422764866203965,0.1503017614618776
-0.36361221221385587,-0.056945623721067457
0.3078017688920592,-1.7101683926566256
-1.348185422105713,0.743264094022715
0.17086543812794186,-0.18398333635267913
0.01843393306539316,0.34758170536167105
-0.5397596803093615,-0.7783047254023127
0.19584525509768155,-0.978372777615032
0.40825275571447184,-1.7025836042378404
1.0291556373256436,0.472597482413043
0.25602973431387566,0.9826909839455139
1.6654744444625766,1.0143700650181304
-1.8408742313316453,-1.2795769667357015
-0.6248185776956788,0.026091050210833786
0.517659020469123,-0.7257438131534656
0.18676676447707832,-0.7553829323533225
-0.6115178029919482,-1.4066610968482223
-0.9232332461109043,-1.3516846056163336
-0.9758732529773327,1.0536417966078395
-0.949398888831943,2.632382064837391
0.4933179008808892,0.1848361236948739
-0.8583577801812136,0.7003098794089914
-0.5756378262377739,0.12200981464536144
2.5600845382687947,-0.09605989972464987
1.1492733262856758,-0.7031764251258874
-0.0349884904969617,1.77080063563551
-0.6269670577877674,1.8124485579969287
0.7077519354554754,-0.5624667758942676
0.632407739055521,0.9725544496267299
0.6218099622171964,-1.5702247198904564
-0.7271371758248686,-0.24751863555150475
-0.07443342910004629,0.620672097550678
0.17770100093325383,-1.3353443587101013
0.3801978510059632,0.6105857452838231
0.5597904479310398,1.0807807255546218
0.8339221545489041,0.4591800792284367
-0.07016571145864703,-1.6609609335159914
0.42961821913258585,0.20768768716311115
0.27157883719537346,-1.2767485758203094
-1.0810565404082624,1.0531528533329035
-0.03955515385665504,0.6815006973726244
0.028318376130461172,0.02975613949574519
5.938283805975997,4.4839552717826265
5.0961207769409835,4.537724711294958
4.565503772567684,4.690827876531361
5.222133771633713,4.5212513783365225
6.255756125573521,4.105392697780496
4.813128355838641,4.560268941725825
6.446977884353733,5.196554776511575
6.031844539468635,3.514439626963028
5.267050265869258,5.889630795623437
5.082283989275425,6.065480375065351
4.482711549899628,6.40934744018558
7.29889812361925,4.637161439560341
4.554497478599228,6.453384477117701
6.579572145730713,4.477139972846731
4.579813182904143,4.718215391139493
3.6555494889657227,4.081348053515802
3.9958592332479324,4.232202434895871
4.965315112613219,5.234214732536521
6.550500492814077,4.001645959261209
5.984322398476584,4.786011155774491
4.950536290347567,5.674819492166604
3.8772779784377014,5.3824097461840505
5.166452208213056,5.4924512640081495
5.289168643907818,7.455300139910895
4.362260015748684,4.469003044998182
4.3768594735752355,4.444522880839745
4.362612872693482,6.189016531107551
6.420504247989855,4.429253706250524
4.167644426895771,5.471415556386404
4.4477769557190285,5.6329318177555106
5.2029230208512995,3.484255885002768
6.547505201330061,6.7958776730955215
4.387211309515614,4.6122984400640155
5.285865390724905,5.3344567899870245
5.65854427267283,7.01020453876635
4.82305277250595,4.201702755461547
3.620680771985473,4.269069960058081
4.966873027126203,6.794557863517788
4.482388700963829,5.223787951638898
4.983577103927248,6.188393273448084
7.526932425873621,4.4691312270796795
4.510560557481778,6.044160877069072
5.681891489626311,6.846707325736034
5.583928185325964,4.64070790921294
5.590654830692309,6.108703580582908
5.820482181197364,5.507274031107298
6.066674689589154,6.169295590445673
6.382158991037527,5.648709887589643
4.832881919683146,5.146713686433323
6.206508966508357,4.183064329012764
5.368673308872901,4.606661187672639
5.028744822934818,6.278451862607299
5.191099068019903,5.046436548156149
3.640143859020081,5.746253566027221
5.645484181141075,7.16325472330546
4.692221765046999,5.219150327663939
5.2493836837107555,6.577453279763475
4.904704467613048,5.2790215257703395
5.607896509716539,5.186609123156358
4.5535663854494715,5.1940899928983075
6.073631749859772,3.9734847005889398
5.132969674146876,4.299879185060827
6.1950466289248425,3.476813095216225
4.441078152728411,5.377211875064521
6.56552402923434,4.934249738927012
4.444800473306802,6.88115706944059
3.5519860995837558,2.801194043379918
5.440014450053332,4.497945775647389
3.9787671828692868,5.708356447299353
5.243800713771199,4.435921369263272
3.7196956013291054,5.872457328280145
5.650201177958661,4.900824136220617
6.846636996047666,3.9299152336738477
3.474474829075261,4.3080919301187555
4.9544139836445025,5.243339449322692
4.75876394214367,5.352055396514297
3.748460575809556,6.44376460407326
4.917848821607431,6.117295831588128
5.342725346377704,5.456753219153784
5.569767280232204,5.447708560017315
5.642722759867544,6.329152530132431
5.19652116970147,5.709003757588512
4.910264305712773,6.440117215449472
4.32360769794073,6.800940432910815
4.9598420493556565,3.569224897881952
5.128104414910789,4.318948342525119
5.840643548988724,4.3473760206976095
4.55381656678522,3.110459269054469
4.547693680750923,2.5761206733710433
3.4160971765142767,5.760414656144297
5.785800158650832,5.425457561784965
4.033023856870787,4.9522886438580205
4.9963974609094315,3.8416353108074572
6.503398301767151,5.877362290575672
4.779035826170336,5.026885838994531
5.208382807947553,2.9582651315757094
4.752822617479403,4.318015752002202
3.9983799901050845,4.718899707114045
6.797686526849523,5.64084286126701
4.428821010217203,5.572582781356159
6.399355436586002,5.924633682912769
5.059630369920174,4.353063222294426
5.69822331361359,5.39348538542175
5.895193220027732,5.635171801681969
6.049552715319335,4.464764788439432
6.317394065634326,5.1975996046924
7.0752608726252655,4.310812181910432
6.73596380316525,5.197910783462648
4.348581996385551,4.5161141659456785
4.67965269180568,5.424165946401916
5.5228354880355,4.426299996061421
4.975645407739017,7.142270358611864
6.727543170100711,5.4363236696740325
5.0380034781682,5.120031326718261
5.613517972730417,3.9772074348015947
4.742623462576655,3.3314159261224106
5.399223122605279,5.647195939702741
4.516813537700626,6.573986763290033
3.774234336997659,3.53562511979018
5.224451818559972,6.047098302612154
6.6839276914578685,4.54111573713106
6.078680833431296,4.961491530499293
4.82737270005918,5.883659937486672
5.65232287841342,3.4236078430157506
6.476540349725896,6.380091354147451
4.374437298490471,5.395803533437409
5.494030186282739,5.260673765823907
4.44969484615458,4.328376632061948
4.974445929008555,6.172729019259364
5.543600154594432,4.629385667913894
5.771698710648344,2.1514573793699245
6.1487657003721035,3.2602862212219
4.637559058596868,3.880330105373856
3.705318524279094,6.16082678737852
4.5322987986881085,5.346503881730715
4.953079421120816,5.477040827223122
5.076821891060256,3.7170077758114304
5.99626681944714,4.506243416838688
3.443418101340249,4.571884839034087
6.50075979063431,5.850221742113493
4.6513478655921405,4.650742295681571
4.678364948782617,7.076747983560841
5.381935452231553,5.43004164719107
6.030283454031842,5.238789159026513
4.740957854179297,4.803650150915022
4.928398740585936,4.962777763490158
5.72762954363698,5.051945885807299
5.73264007721558,4.919283419891418
5.07863519031609,3.0017993154678924
5.916327674702481,5.346488475897993
5.998010109859652,2.1037446218063107
7.088374704780728,4.860410371844826
6.108182816737516,3.960094072874469
5.61277390506257,3.9465844368263436
4.376231039304195,6.914031353866786
4.809317599236653,5.217432873179723
5.8700677306887545,5.495681887972605
5.150418905143576,5.3649610024662255
7.403415585238275,4.9423812029664145
5.201099046714967,6.050654396007612
6.105525932957984,6.187030305560381
5.638730222029185,3.8569950872695165
6.6334315323010955,3.853654606981312
5.3026354652390335,4.245724149980642
4.935861653407008,5.32876241030348
5.3213572154502735,5.421920754235285
6.613711269058647,5.453534301513979
4.755843364709351,5.964087168288358
6.18947048892464,3.7723921848630075
5.597400069849858,5.701172742310899
4.702436496640008,6.37570681331162
4.849944412967473,5.125576453471543
4.82692817571613,5.015579047581467
3.9037249131047984,3.5599491174057056
6.594505063224972,4.153038651681673
4.008607650543693,2.846609886396285
4.361038252310498,3.6769102065925017
6.642015160136369,6.009817089342635
4.311849654822276,7.252435805344309
5.981765486991594,4.675168616491377
2.500594285126427,7.290942572590742
3.610427533236404,3.354601253043108
6.0225704320096405,7.439752406339273
6.384272818510518,5.56390912005236
5.594754341665286,5.853415558780307
5.758928589786765,5.281191423969376
5.104201103951876,4.937406872100477
4.246035411133324,4.719324923133226
3.3070431858046145,4.90166037320525
4.011408892849083,3.896410682784229
5.179894151153478,6.392002286344599
5.918316606002313,3.4294993963768228
4.010371863429662,5.940771187988216
4.017512606461691,4.775366850002976
5.550052099024552,4.031655545136365
5.10537550614596,3.6659745050817953
4.398632356048786,5.3197819341425365
3.407006266468331,5.440474737960399
4.980362201073318,5.5524899544171475
5.223914134064661,6.364140429973844
5.1252245026479075,4.570594458874747
5.122297503032284,5.543298029036388
5.048860070325705,5.040591691203883
4.298008312193245,4.337099082449052
3.5973947282003067,6.749576743186939
3.7561367646087147,4.307094802204093
4.281592734430802,5.8949243769444415
4.705050321707972,6.247742072673734
4.326509375756132,5.278994162223802
4.164652946740243,7.145149127773388
3.812401580970487,5.309820710227028
5.633776880932098,5.4137990974514985
4.814712341122291,4.870179300266574
5.04381147197911,4.852997998371511
5.96387911679491,7.210523001591351
4.442508214992166,3.630197020420922
4.911717951648745,7.579709337654318
4.196325432030269,6.6391168054440675
6.677700814076441,4.4464117582920055
5.5689830791852755,6.628396623128538
4.620872259012513,4.796419639897638
4.418319086051357,3.985243269307133
4.350722454933993,3.7760597332377435
5.034083468259226,4.230026768941358
5.233785911790748,3.444104353796373
5.330880232214457,5.833528961608924
3.0062643574285444,5.374056569847572
6.227668992473292,3.7903589813087946
6.672572386837704,5.419019009366045
4.294988144241591,4.944230922342294
5.558326912521722,5.076005391412411
5.538755992446369,4.079326406920634
5.169360824036078,3.58628550309502
4.888773938651299,4.09609235853521
4.264470057410233,6.236093175210438
6.091310120594269,5.609138120907177
3.907687235327421,4.683591550305198
6.213097699979183,5.141716913639905
7.319329539981695,5.3933178393943715
5.192049116490032,4.690883535797498
5.133540904782282,4.8475301636194565
5.708108676688591,5.956702316794584
4.21401053949205,3.668767046442222
3.1637946268967037,5.507991326912544
3.8966333938261264,2.847109407047517
5.388578604530964,7.492999517432791
4.993929088460106,5.838490774451642
5.081829358547565,4.901110346808857
5.9190764829877685,4.709725455811348
5.267392314071903,5.321697806196013
4.331909546356951,5.992042349536523
4.825040243304591,4.244254840507155
5.536509843570403,4.101532018208963
5.028181157369128,4.990881003355796
6.085895565831578,5.474698232879953
4.974973041254856,5.817766299200287
6.390207549017314,5.557810306351862
5.01035261984338,3.6881637676498404
3.9348863369246274,4.694775295645332
4.390487797840716,4.813028697014554
5.0566499248971075,5.529692754356731
4.9295012219409085,5.486501643826202
5.06447441481012,3.0245334336461287
4.060664606181246,4.855912444278385
3.7903052571588924,5.599928729996204
6.530750832343697,6.218761851697317
4.786557129069792,6.490726136849952
5.148667457202111,4.662914028881961
4.38659733645906,4.697530313511872
4.611823181458771,5.170416222375488
5.160573981049865,5.003046020153414
5.43693816974635,6.190646274786341
5.949554135441324,3.5151020315500965
2.446078865098045,5.934319911239274
3.6331213015845787,4.775234598107317
3.8298869739406403,3.1980195624199803
5.541462728204788,5.7591551603026465
4.423489599273281,2.40895770785509
4.453755551747517,5.3918040054025465
3.5210884312258712,5.183359919779155
4.984690150827005,5.579291499601088
5.119580368414153,4.026931059118445
6.196571501664492,4.84147042697303
4.972695460490068,4.066732040926804
4.55671774880849,4.115197285973099
4.827053940076577,6.7117084801423434
3.6280988570686437,3.386438602123259
6.471170327493608,4.7906763228481335
4.330927261340084,6.039904687396076
4.394384460263136,6.826009713546936
5.677925871339269,4.5120885918542974
7.1573082132655035,4.3942850769966615
5.742095372009307,5.299292580406492
6.301741289398798,6.561511196726853
5.0320041490657665,4.246582129653817
5.459972142939116,4.322284630247894
7.013387247526623,5.1365353310827375
4.634678448687891,5.184680305864909
3.6528737104703035,4.028385961489349
6.200413907944426,4.343105721028604
3.95308901731806,5.536652752527286
6.1857041546629965,5.718953310665067
5.9960476858058165,4.2432049114305395
3.5781893332581562,6.501333651955487
4.677320161157864,4.749166983544953
6.328194141849058,5.55623000940066
5.455887772081607,7.165002344901084
4.356481769619857,5.927840128081237
5.057013124897084,5.268592278863257
6.528468426412532,5.507835756289624
5.538296079049633,6.072507337309802
4.635047270457115,4.160790332660993
3.955190805978966,3.0336434106239984
7.056207129940322,3.896791634278317
4.778746376414228,4.723186700111079
5.307406697809101,5.815737212539297
5.860473488359745,4.416922561431061
4.832878286213589,5.2825799504883
4.751308873816453,6.607345576019993
5.490974951638251,5.734877786049817
5.662881268667412,6.173473857485325
5.181021558703707,3.7031680520441537
5.399687951752641,4.348643106208171
4.471383318250243,5.586364018755093
6.238283071433636,5.021271576736062
5.308833012598964,6.702214944635238
5.240753179488569,7.601683114180394
5.565509645631544,3.239237240844182
5.753341621104532,5.381158384882777
6.289752754082746,5.6731813512699585
4.861544016016226,3.775701763710634
4.7909767427139744,4.1494795457907
4.419476550195277,5.58857840442061
6.669904504351406,5.394671529822981
3.8041169379648156,5.44460266822014
6.196631486645651,4.390217095680618
4.865982833327083,5.014688194729197
4.21510168691776,5.648280433843859
4.8790518513922185,5.419532443907028
4.1125078221979,4.56254169967659
5.722381357827771,4.627166847908233
6.726963851233405,4.600363814385398
5.224684725751886,5.93259083187309
3.5816342670669683,3.239191188019224
3.474343685429905,6.262584103427182
4.448141854107553,7.558199285668252
4.4357524013426115,5.184551303197037
6.542109952567875,7.006092888159123
7.061503576636397,6.208366230593143
6.024062525811463,5.592526949201183
5.778361076166638,4.448814283671466
4.1818011165776925,4.996625542589048
4.829815377475072,4.546771950672725
5.696387447456715,5.955305208570511
5.088406886291847,6.477530081055262
3.858310885866495,4.8063405407202815
4.283177679397195,3.13346338292694
4.917319314157301,4.878252491616716
6.5134497432421306,5.630811684554778
3.975813175670795,6.854092566334188
6.221033695525353,5.582097703468616
4.773515901150168,4.04056076327652
4.627793223928947,6.088748619704186
6.884586305934609,6.543243528272189
4.511150578213726,3.880382566710989
5.1408862469112035,3.231560634437148
5.323167714184781,4.852397413701332
4.533963498131758,3.4052969327332043
5.513600106569717,4.467299160338088
3.8300831642897117,2.1277377867183507
4.972485094949364,6.772251596669744
6.66125921454787,4.542903743413728
4.39778793963822,5.468774256075024
4.001614560811708,5.301791899819466
5.76608027838469,6.226933223884307
4.899845923520047,4.796326249823034
4.122017413243439,4.17311964596014
4.773521108098473,5.367365506816178
5.913584626233249,4.196821049319655
6.4926885689595215,4.728876398957431
4.978632705651564,4.252788320852177
2.5757597397270584,5.884045396361049
5.736843897092434,4.718672442881787
5.066990717224872,5.5159392177041
3.4374541431134573,4.470947322653705
5.794264679621827,3.7457105768307506
5.293557932166629,3.643418195376595
5.466429982433526,4.964358517702516
3.3848681840944908,6.164739354457171
4.265408423201951,4.189747562985619
5.2005691972309425,6.148637349428715
3.984178181021603,5.061679849847971
5.428816500330573,5.693105607263144
5.176441555277226,4.632972160916678
4.17240977935128,5.0861438830463745
3.927860988014393,2.0786495165053926
5.4365598041576675,5.903934841086195
2.6370675644581616,3.9902692952900622
5.619154261005198,7.057495469711698
5.020793707675408,4.271997058770865
4.81710355889516,6.374876419148185
4.354035820875465,4.200807993349747
4.517256477817968,4.046671391741287
5.122670315994796,6.62467845846956
5.323079273116029,4.7476464978737125
4.708188731084456,3.436809191303343
5.883109777147159,4.922162802987198
4.819520086409375,8.19310756784486
5.298752908365686,4.248208949904816
4.573642403794457,6.148445709196755
5.113270410537765,3.561722021682633
5.919228934575203,4.331855914461006
6.873297776217545,6.0800480657146485
4.552678104341249,6.281016361735113
5.067855510527403,5.8527736751222195
5.484732817294475,4.153643345009127
4.356450167682538,6.029960817581161
4.665224667893459,4.596351536758004
4.044877420650647,5.423599065593461
7.062524919243145,3.932467085745727
5.024219456672758,6.412220555415429
4.9203586087542845,5.452371796249734
3.9376064718531203,5.428307097207648
4.812855734995451,5.985729995679863
6.187386051564751,7.589563642018614
5.579633173213575,5.325796316582166
5.194384301577336,4.6468337071893115
5.338483843461691,4.704598589860971
5.168460976269614,6.31759753560796
3.9934574347203586,6.139878561129045
6.3171150673398655,4.881931473008922
2.8781451009914054,4.392178012905568
6.296994546561109,4.977131937701118
4.0006977677050894,4.4952250787717825
5.840620026504553,5.546733568201379
4.761067900830306,4.6331755881853125
4.608241850956178,4.077589815501497
6.615375689469442,4.6776795307886605
6.217158520825496,6.521316051922451
5.9983108981479605,4.5683796872819515
5.40373009033661,4.975804393609084
4.096298139269872,5.324359281721603
3.8209602088401975,6.1876793884615635
4.535382702701607,5.201159655872839
5.283287871546142,4.741095026295922
5.586693801475275,4.525096343377475
5.871297297457244,3.6540203197532515
5.126379579546412,6.938928999058285
3.9996686753944255,4.322255029475149
5.513907849658915,5.179581781939598
5.350630099273559,5.489187130147664
5.63472146856177,6.109699841956223
5.409818656928513,4.7587423453814575
5.672573701202731,6.899881934895216
4.867366253617426,4.025470695329359
6.107080669286972,4.879618836046402
2.827330453985964,5.847421677150422
4.464671814046078,4.909466717695839
5.3319803305690145,5.190499679779067
5.70945181713904,4.564513629430157
5.513105798176083,4.740453322416083
5.738810480887503,5.615367484013054
4.064561297955405,6.085982116175032
4.464036554885952,5.808057798281145
5.367287313401341,6.838183676795122
4.776534017628148,4.650683203881803
4.980580394112267,4.696820217165724
5.79994190194205,3.3836893915634123
3.9463175808536457,3.932197078420807
5.9503075919735755,6.710613372581925
4.8955507814625285,4.83117827680999
5.070052163113181,6.161878302608191
4.072646865809426,5.2383689827347855
5.975197629782429,5.5010941699398455
5.189581616598743,6.001046092567141
2.296767707000763,5.677875319530908
4.345924316872576,3.169367103143543
5.511202599524981,6.373658545162957
4.862551485372308,5.9528745472029385
6.612278257988645,6.314914453584048
6.639964529371393,5.7421274910718925
5.075433638901592,3.3980341881028315
4.753937511870052,4.156753404683808
7.170942717497814,4.824114187567663
5.123204806784486,5.551485376040468
5.043602446372454,6.695051040430753
4.377350638265548,5.194607455237243
4.257529414301952,3.6799774887792944
4.388230909094714,4.962963202951588
4.57069777548274,4.307579020126144
3.593682536328166,4.9168944273713056
3.4952796259689975,5.760055963689602
5.082439752934503,3.5424485005350697
4.6907909229501366,4.247843594409417
5.31917451041918,6.340450446023144
3.1248275303542554,5.115026079147417
4.83986720443336,5.671340076450465
5.213196628237689,4.248030668261181
4.680946064333382,4.203974143196511
6.076007138598598,5.021311648671942
6.901190685753008,4.9393391861853795
4.291593233089538,3.486285607387173
3.1968603237440547,3.4158640569945105
5.267126651011483,5.508725023229934
3.418809297967867,5.895038314076116
4.516938948316561,5.146793011985549
6.612220628255424,5.896839315865532
4.731469352094168,4.1088077745847125
2.848184598670695,4.28084668075758
4.788869761172306,4.012820472848816
4.8687430329076955,5.076851882958768
4.775144018191922,4.349997419176541
5.168654671966728,5.441940649569409
3.909600922557154,6.41093237974627
4.901411867715738,5.018849622944848
5.708214423256557,5.233216131263502
5.953136633913245,5.287124165201824
4.387562625359562,5.361503525206102
3.856273792679338,5.108559705776523
4.966770009355539,4.79188314272746
4.871462488561069,3.1181509545023607
4.4512750922590385,5.092844901141115
5.1598563919974,3.9723248590740416
6.2657078408647005,4.1338251517855
5.969457200526737,5.427194361871685
4.353772690156197,6.775310892609512
3.8063631682435197,5.919154173610002
6.000582318042978,4.329379790923355
6.392465300064329,4.749953485401047
5.288693629279857,5.260321838771221
4.865691258529452,5.8108082731597825
5.793488720552213,3.2514680267618195
6.304340242878153,3.3375080119643257
6.032546204341657,6.126705136827583
3.9090335697848015,4.589185712045415
3.8942953315140643,4.785078969711265
4.691965715814259,5.7796605322693395
6.310308746119608,6.395683810789956
4.437831973421698,4.790778126255472
3.31656180777905,4.194129933503811
5.9648516330974575,6.615582823548232
3.765651128120078,4.407535740847106
4.973594243041073,5.280161158819607
4.190396480078354,5.424061044464089
4.526160652929084,4.985547729121721
5.546284248003699,5.006422269810938
4.5636141094734315,4.890390196074169
4.911637040794664,4.629988970117872
4.741203937332898,6.598647170504717
5.560919447941239,4.704519681970839
10.696954404510736,-0.33381948975600995
11.17312463758664,0.3696421921980939
9.89269785599577,0.4477169258102776
8.4291238479315,-1.1267674689098053
8.806074993600944,0.14294309476370676
11.732514999485092,2.2313001461926323
10.638051101440757,0.5008444749444569
8.198942265847261,-0.5426737997340217
9.21221624809176,-0.620847598251116
9.83185618141521,-0.47209057769712737
8.020700189624213,0.7479102561175338
8.927256974260194,0.23924686411114954
12.074082669749973,-0.9193845915864234
7.469712477253671,-0.2860042218801108
11.10095963499857,1.9583474542205939
8.770450405547583,0.4966992232365217
9.534689543219947,-0.10594835430413566
12.644343347017035,-1.5029703283951532
10.253739661494574,0.4676931717654332
11.085786324939347,0.09798315347089544
10.308050539504102,-0.3916485674217911
10.269126941245107,-0.3431922754974105
10.621571889856051,-0.36961033604363397
10.377100393902186,-0.029262813684978354
11.126050250772169,-0.05139372358848624
8.226967531793118,1.2619215007139917
9.094267699137381,-0.6537663386488198
9.404338705956508,1.3744380931708173
7.864325786021304,3.1377485336599937
11.056056809066051,0.22323891412915967
9.945105999383713,0.28555407485765694
10.52112242837934,0.645215585950057
10.555604466003448,0.08958068125524882
9.802661579692673,-0.1512732836535117
9.805091719647319,1.1337700968670645
10.593556722280862,-2.9403886346642802
10.65590077652976,0.19473619471877485
9.981291243554102,-0.38851845308888583
11.124112719986014,0.9475264621228578
9.22712233217639,0.4070522871245351
9.028343265458714,-1.3796181647889305
9.373282775410035,0.8623934723827588
10.953125045376087,0.513085420097293
10.725095786847998,0.5161782871149584
9.358518404777048,0.43192254467394064
10.800409525227682,0.7542913298135743
11.188913371474642,0.7083038472010638
10.351448207541583,1.0701502383164274
9.97347874075094,-0.8818746512277178
9.836933036056235,-0.7449026448064491
9.324821725025618,-0.14451867071551783
9.207580079000039,-0.3079615296390403
8.106385333046214,0.21329370737293857
10.001205475362225,-0.8170886310681906
10.659245668432405,0.9375701376265584
8.392440135631025,-0.7627247785662142
9.230857650212702,-0.9399031011088647
10.829474841931749,-0.19382613877280352
9.73548515868939,-2.0038623644067535
10.635418030209227,-1.2392583948534726
10.059932630266328,0.2773769379581917
11.36065859583865,-1.308820399119112
6.980487844179175,0.18384954475369486
11.800511181510853,1.2389463529394373
10.209659415274626,-0.49163618563204736
10.80712259663731,-0.9735461997044687
10.47635776935622,0.5054701591666269
11.06020990749888,2.7596600389110777
10.392415967178767,-0.5089636257074988
9.974425687808006,-1.7690759048891183
9.305286868910942,-0.409282438113104
9.475911602065407,0.152354872033722
9.1775800676178,1.1210306673244714
10.000207064918197,-0.009300321138614417
9.672105283487083,0.15519068385897913
10.825098264667634,-0.8671302157109003
9.341883510924744,-0.30372602877666466
8.654129076526786,-0.8192578597214978
9.523779126455342,0.8743891807127275
10.262561329001924,0.19358991136754436
10.850897962167972,-0.13737178839939665
10.39046484992889,-0.10322175293249623
10.265362349399629,-0.5827586576115821
7.561182841723571,-0.13427916218630415
11.42274813609994,0.9262154022415924
10.96539748459117,1.2361307218062179
10.088657590961438,0.1973157074055956
9.38234810456565,-0.31607285602704976
10.615771149771142,1.2038844371688162
9.860553724319,-0.4501892648514116
10.000527958856598,0.6012067489291149
8.556145183866459,-2.296180953137238
9.449463150508416,-1.2207124259141586
9.491859802352689,-0.14778031881747153
9.546751590976987,1.4524675344707454
10.32674476460232,0.30047435961082836
10.622207144043402,-1.1388331177807691
11.039111787420268,-0.07576428653545988
10.670480617241212,-1.0718572330401555
8.446241233983935,0.8178896580250287
10.376409526097516,-0.9020515543575104
9.130336918725305,1.1254347844147694
8.810588107132672,1.6426729532559634
9.09937926535213,0.638391925608383
9.671381524251016,0.6031874310823431
9.455885997885808,-0.1627929060722942
10.040919175395722,-1.0021874557814727
10.740824345420126,-0.5132135664715852
9.771400084659982,-0.9943493746085122
7.4376663412046895,-0.19102776260016902
12.412615421612916,0.7846042878980238
9.980739620265606,-0.2628908292082677
10.022465892812047,0.54711911517521
8.819187184691156,1.114321694668872
10.715381315441244,0.7181857257079345
10.438475738809727,0.019616657693989903
10.67286123596682,0.591814133741378
9.645959289058975,-0.573601772896901
10.101856295261987,1.5490201514951873
8.760892924346098,-1.46752526575244
10.164760841236516,0.05088770185601806
10.173341664370408,0.24395319790850026
9.776797745365196,1.4898634386020821
8.399096021523484,-0.828497024780246
9.896745239850953,-1.6431888111541673
9.824145595567929,1.6614701657280182
10.020886488295961,0.23070090571868349
8.739835234827419,-0.6163614080394775
9.624803619676063,-0.31771509675623405
11.281643795003768,0.5576910607251245
8.888542043062968,0.24650477843200488
10.498221748496785,1.1401490385212665
11.580540686568373,-1.0150941918278686
9.189142488789662,-1.2575778589146163
9.765980140893019,0.4663583744463345
10.987334516589101,-0.07595102364252276
9.680152476745157,0.15175799224874037
9.164857098369977,2.0895387216947734
8.39233897288194,0.18474057889572446
12.02360621922964,0.006799844559997769
9.809960964998506,-0.3574454228104272
9.819608318237592,1.3728484746765302
7.788138088670493,1.5334337012963255
8.576042847549855,-0.2666523292344148
9.570755579701338,0.5885532697707198
8.401875648116253,0.46217266608194285
12.024309623286852,-1.3631740045928105
10.189706167610396,-0.6619821777966091
10.425887206193035,0.01914777741575206
9.35851309095569,0.487872284871074
11.804348109786742,-0.19090379172729868
10.719757942148181,-1.2932729578711637
9.043563623181992,0.47240627788037737
11.484116028535965,0.35561334878566
9.686941969476846,-0.0007085945766459172
8.749592266030282,0.6045153263553668
10.88233306232341,-0.45209033283308037
9.529957852240498,0.2658782296520485
9.563280263959404,-0.06613261462582246
12.099721789166516,-0.24702570074599667
9.641659847978778,-0.6475418056351592
10.744191971499937,-0.181224173218103
9.350626961678573,1.321304032273012
11.419603004513638,-0.6004235657387051
8.133460048639384,1.0075136898369221
9.315370174239996,0.7906255991627686
8.029896182288164,0.8925973382993092
8.78882807071922,0.7307641190665245
10.014273067836434,-0.9539394193966448
9.592963687073219,0.6863184569567008
10.105894453115233,0.5844129804724842
11.976440584515485,-1.5642416117110514
11.617212574968624,0.10435593752321293
9.101215951676872,-1.3303136257389898
9.810879609222967,0.9216501119244593
9.872450879622466,1.5111549302473475
8.548824309948442,-0.01208894784605456
8.74760655558688,0.3636318826249679
10.8868873900973,-0.42076179368105326
7.395786143372866,0.19894814679649453
10.436738551733509,0.40429475496169764
11.235782191822153,-1.0710536796490489
10.68021610545045,1.192507512477975
8.221412415993484,0.31965182591897723
9.495820168992328,-0.08152267310164589
10.347676483538336,-0.4872285641135523
9.324291920838387,0.0341524174880246
8.912754061137198,-1.0858251288851855
10.679373282956503,-1.148794035158656
10.666312500909212,0.4625912928539512
8.274193271209404,-0.6775646523356551
11.194109403047372,-0.9811655311396816
9.535595737690612,0.4620608932518965
10.783390509282595,-0.2515388860444957
9.402489805308358,1.4223698616985077
11.738899663797579,0.9788580507817954
10.085318142565024,-0.8082657216409264
9.169555593443434,0.5225141052657575
10.418398220888683,1.4015985929464294
10.65045009253614,-1.503080301759818
11.051947617722918,-0.9980606273144129
9.616028728047649,0.2502002062516945
11.995667489783964,3.109918556005361
10.606723059136183,-0.18319661872038787
10.53450564848055,0.8876554258738361
9.679332374442808,1.7952113559123222
10.230070759191403,0.49774308909139425
10.665924252054461,0.4215866106144557
10.838940500469612,-0.6172531865469232
9.441698246053969,-1.100154232971695
10.439501230620227,0.7789365035121141
10.457772866151887,1.6744924333475373
9.994403981170953,0.6687416555925126
8.908299123860687,-0.387099702474401
10.695537757565777,0.849102110743144
9.706033052335817,-0.07159925185806683
8.48212625331919,-0.3570292008066094
10.890383163519786,0.5752050161065663
10.50066572138121,0.04977368718096008
10.007063158628176,-0.6603211394734471
10.698828420202535,0.4209729443893898
10.4920188479928,-0.5260348426675804
7.846657080128756,1.0971527117536957
9.521162543991595,-0.8627757640431206
10.693478911913994,-0.3920126399191296
11.059936384046622,0.6170059495766975
10.683569323200478,-1.3659557112005343
11.2119439853864,0.26125053123385605
9.630722860753798,0.14338846734225108
8.223764767101681,0.40865281148067084
8.970628491817928,-1.3526702858435344
8.47764081378211,1.1126883749899252
9.370736606307212,1.5337277099164992
9.464198536947702,-1.7073579575929467
8.883475560051341,1.2358116200069387
9.844101822063333,-0.5482872964906009
10.160018225852788,0.501782736167545
11.117398815902462,1.4484992298929262
9.640231354210915,-1.3260476860820383
9.586534838876723,0.26028050658288615
9.03624107378939,-0.9571509148950429
10.343787881549886,-0.04865235157045115
10.032796995411587,-0.7584953347000695
9.769599285794232,-0.9242331442683044
10.890198411124787,1.0352493347237526
8.153812137761907,-0.92951086019241
8.50347074490992,-0.6500239344068982
9.91656203020964,-1.44964521969853
9.078140186874688,-1.0039573720814985
10.207267329398944,0.06934433703625043
9.278262446662747,0.17682087213939798
9.453319915412735,-0.2716551103260533
11.673452090298538,1.340461051790348
8.700418763072403,0.8297324178791745
10.811396554491592,-1.1482632887526183
10.81877764375486,1.5379319184125528
8.877455193755587,-0.9175028210142636
11.017661466843503,0.271495310825648
10.551476275239523,0.3405892164004968
10.390695920928144,-1.326472128311083
11.047317706621449,1.1695899924277735
9.770609255931973,-0.04347694981386243
8.468892497444278,0.5142547560178349
10.572057441714144,-0.062191016999311004
11.124353359870502,-0.3340772309799405
10.5646059258936,-1.0196643386921156
9.976447849125762,-0.17435425790283585
10.225307922040942,-0.3695269288333586
9.868527404328333,0.8260471714415063
9.563235762761783,-1.6065771007386793
11.749583904205421,1.3814540786904865
8.707737304894382,0.6897078052451944
9.497025229448656,0.26348721533105957
10.294224129013493,-0.234407800316322
9.216234334413603,-0.6905410523162594
9.083808084518758,-0.8318222082304447
9.932821709950645,-0.7157599891107518
10.68205206571262,1.4872461553359273
9.419946758629957,0.23940450053537707
10.499685110302934,0.4720022709192744
10.075955267916088,0.7426824183597224
10.482248952680656,-1.2376624223272978
10.869156064389273,0.8872908372667421
9.236713895821419,0.03793783544760203
10.68332899281107,-0.20931381957936157
11.072978047766012,2.3638724946193608
9.214013967365018,-1.3810446031537749
10.303818595604875,0.7215625051261435
9.76913362615523,1.4532606633210343
8.661394200276751,0.6929186230316111
9.394139179241106,1.7193779062072967
11.992515353168118,-0.7666565877833479
9.45044286409142,0.8595878869798019
9.612869350210484,-0.04541121793223822
10.02538842054241,-1.9196731561976563
9.986162253905762,-0.6897277740641738
9.506877177600227,1.4436320034688142
8.743493105720743,0.8132051867479773
9.721037069668192,-0.2797601684958344
10.790371896051711,0.34005129456889044
10.57061299721953,0.9681846605328611
9.668691616816677,-0.6122367345077503
8.914849473442201,-0.8254105299789551
12.949094425308726,1.2446795807367868
8.648925633791979,-1.3224579567435701
10.481866061718492,0.547264797377967
10.548883835317364,-0.25495579355369785
9.8745457399971,0.3278795241593574
10.08589300629333,-2.219300372747535
9.770200369424806,-0.8514064342603136
10.175211418908512,2.98525900260341
10.367481665474305,-0.3135296861723979
10.921801501977253,0.4826878872092127
10.420094490451842,0.606850593215671
12.056543564829541,-1.1308884353259157
10.473632076811455,-0.9263811299815384
10.555512646342248,-0.9186865114860944
9.582633186394915,-0.2950899142379063
10.975816719344708,0.9184544439424138
8.754282623553616,0.054934110999848726
9.290420145250827,-1.2585049106753345
9.78298294957563,-0.3084827884558197
12.426716486345523,0.43295982536069616
8.622382499245763,-0.5647740041709423
11.021383295429398,2.088442772869925
8.414016687762041,-1.879924385139045
11.870965175371783,0.38961417737090387
9.131707268123634,0.5346290861224353
7.364252260983122,0.003375506597160999
10.327821172843086,0.9242701395378298
8.986104047707462,0.08568716140335904
9.074575373940412,0.2553837556743171
9.104653677636977,-0.4081008391602206
9.00418460520977,0.651136241823657
10.858451116656665,-0.2346205699574138
10.038237994960028,-1.4485914146335441
9.700323351993212,-0.05020461704174478
12.620793091029975,-1.1119670257741636
11.464177238752438,0.996858773465808
10.280636404490137,1.7586204841951334
10.372105472606863,0.3891591956679287
9.946879346982454,1.2235688824186275
11.096469233810884,-0.6256772874962124
8.680752805401232,-0.20298063739565708
9.199961435602354,-0.0635245746153551
11.237438134684139,-0.45730165508679
9.957176618688425,0.058022734808395225
10.848430882205285,-2.246889333984605
9.393299705234703,0.21128369227947272
11.20007895642686,-0.49190244750620515
8.123447293958126,0.6197114459661363
9.36463761117437,-1.1896666590903613
9.375654610286777,-0.18452535765584954
9.395255335461787,-2.205566057099069
10.897066196887133,1.2748750412787222
10.651521991339505,-1.1376856704248166
9.798508466052482,-0.006521315229458062
10.59879438956191,0.6683404887180808
9.265826201221504,0.08199555641356042
10.457280404615242,1.4558223221467665
10.704506539824724,0.7890566873755189
10.08382662792936,1.4104591452035038
10.409762795959498,-0.8610879101735704
11.40336997012519,0.6979032725390276
9.556955978871517,-0.47949296739924335
10.296575545140762,0.4631847952675847
10.197292265631207,0.3113086734428849
11.69995737457638,1.0715431522348857
10.190635591265025,0.9413105807674833
8.96747609647246,0.39792704994680894
11.80930634973311,-0.21804589539237385
9.152366071380914,-0.6520888885930607
8.910366962657612,-0.7847619081277034
9.62949190140997,-1.405567019178642
10.015618333949604,0.9022771737866472
9.09224381985308,1.5192839236417688
10.510792088527595,1.0305805856240573
9.342165446147863,0.8545252270666157
8.908066099604687,0.8902475008365087
10.17183933979353,0.5532512199847837
8.824405394375148,-0.8950698422766047
10.597228218253385,-0.9483480042242007
10.463206292099123,-1.3671378064602457
10.848174212666668,-1.232523314768509
10.552299937679523,0.6256309336460009
9.303228181570425,0.5820265670847269
10.260442263333555,-0.5388418561927383
8.991445315923793,-1.962625691672579
10.349650047299694,-1.5648027713620551
10.095344199441309,-0.2634482160822491
10.679142775438196,-0.3020454994898642
9.67055221365291,0.7318707042882956
10.335058029084118,0.3161559571827783
10.469267589808526,-1.5355721232071058
10.756788679986983,0.6124687940136023
8.983316871423503,-0.2440804736742013
9.960692712372369,-0.1344967844017327
10.333859966568534,1.4313667818311835
11.081766727672829,-1.3122191934314063
10.622069990306048,1.3289333195354096
10.386808520689202,1.090980425185967
12.012270445700764,1.0237095461069814
10.249308595641729,1.0450884740847535
10.144887833096892,0.02390304328495547
9.648585764286267,1.5634133588321082
9.181571334057999,1.532367724678116
10.499864123740371,-1.3993061748019415
10.367649292991421,-2.100026507651624
10.625508016831036,0.885231482988991
9.407644044347947,0.12354769595558233
11.954157433750286,-0.5057467042619367
8.9410924129434,1.4816634024625988
11.962587190530794,0.0036956718478473255
11.011463035408356,1.341475915530881
9.257515767461616,-0.4853058353678683
11.230874513154735,1.6850142787085094
10.562880860174355,-0.8798143535020543
11.987061111699441,-0.5309708978119645
9.664862218828548,0.34233783448962146
11.554160420714775,0.8539759765522237
10.41486550036191,0.4632885301181062
10.043514668643466,0.5581395145185063
7.470439922305697,-0.29660745906979835
10.241321934916781,-1.151014083619507
10.38632331781156,-0.20447122098612153
11.75547569831549,1.5730197252148563
9.534194430881836,-0.15083771156669531
9.926052434391607,-0.4516594761596227
10.195024984028127,-0.7582820688875902
8.869384665062473,0.6227112239002686
10.62952958422181,-0.8043157596599924
10.8953554307626,-0.6315777291653314
10.253165238037981,0.820344012612456
9.966387435296287,0.4547409121411344
9.483570356112429,-0.19646658342809717
9.79414056911966,-0.7465783465402389
9.823225836884218,-1.5486182988637467
9.508846252857895,-0.28487549336967083
9.74382024750462,-0.24149744587077882
9.938235800139871,0.4794415180860639
10.874517074132523,-0.6497652268482671
8.796799144610855,-1.042044412243103
9.512797078805074,-0.3519213178165091
9.230003933802543,-1.2961166642498945
9.543879172525811,0.18142662011397137
10.595029465835564,-0.5574230531083212
9.587002177856565,-0.9266983088473107
9.968560829625224,-0.8484286341908146
10.5731278132412,-1.7858664919341112
9.640370327547538,0.3011073391917421
10.183834516322504,2.6930336639804966
10.349800024567907,-1.0040545968420103
9.904535752910927,-1.7762463334664518
9.919400250703239,-0.8330560570007587
10.915390275560162,-0.5495402745955349
9.883234084204753,-0.6355578414044034
11.73885135185333,-0.3212427661179117
11.832557043479202,0.8141517621182666
10.482066727335386,0.3687331473175197
10.393797298216251,-1.92767257934561
9.721116605849243,0.8451579711843216
9.951102816525895,-1.405189846803575
9.94759554942253,1.7041055162554912
11.24689171553472,-0.062004009366031745
10.951449277058087,-0.36650702036805183
8.296128413173282,-0.9244659881295544
11.562888768508198,-0.2739930818293042
9.756616020624982,-0.29983819627488056
11.904136589573007,1.6259589153620633
12.218780233448134,-0.1590452104000513
10.295624488747094,-1.5166425494207911
11.476934426118275,-1.167779551267935
10.21677556376263,-1.097302527632844
9.411133173261303,-0.8372624310497003
9.392124739324181,-0.5391227031489786
9.451731205074923,0.8333339117803071
8.89513720693748,0.22054142701386686
11.217959152305559,-0.513196364513396
9.282081109252399,-0.23052462518025083
11.17972520836071,0.1941076309533577
9.468785705392401,0.48387665118803974
8.897707850163577,0.681359510442948
10.408607307701768,-0.3078084711388841
9.16141420155277,-0.8866809222834573
10.53481733634591,1.2289805024890619
9.362692252971206,0.45838670355148425
7.912972981397932,-0.5846177306571996
9.968941067129098,-0.9096834169818336
9.063493625210404,-0.6677795564688862
10.292192728326373,-0.1873290184063747
7.7617687666750275,-2.120700152635066
9.393134822142825,0.45768658605355206
7.252495157274765,-0.4997301761516306
9.473752143482578,1.3883377782084478
9.614978188287136,0.38298898474092846
10.141257140087463,-2.1305664798072006
10.768207216631737,0.21539650545628794
10.50826863967459,3.9262377064363267
7.9158870605014116,1.7246966497611085
9.712552480599644,0.2873289044030093
9.954487754698757,-0.4242363333980435
9.430167071761241,0.32950873557300914
8.48282630332832,0.7505791675217656
9.583805595114747,-1.1300693390403578
9.549987142004186,1.2571492168625729
9.464664912983777,0.35845361820962024
9.269043724284527,0.7579218499236196
10.685507738790204,1.8486088332964115
9.824436054500785,0.6686548047579066
10.098067539538945,1.2958717818630143
9.28116761239127,0.7450053128772811
9.805302703883319,-0.06418817710849775
10.091752484448373,0.2522403964266774
9.883770956878042,0.21471318317052634
11.578118057562184,0.9854496856152184
10.869154592496896,-0.4555395260238707
9.110759171771676,0.9553005582377528
10.876046792529793,1.472670675750982
9.39601937403077,-0.22954865536034708
8.360515837474566,-0.39247110606087293
10.996570510579447,-0.46649537922819795
10.640479795200823,-0.19050310599781134
10.32405702822156,-1.1476913898156673
10.0852094496339,-2.9911359709007233
9.813103841838014,-1.6304732437151401
11.205994516546816,0.7774073527645112
10.46667098196608,1.52100622715938
9.051083479175162,1.7473631979155582
10.932191564260386,-0.23655528721894603
11.135620147182944,-1.1062935124116342
9.175485838472326,-0.6085897232397004
9.471022291935984,-1.0565576427602528
11.223083067095326,-0.25885440036983165
10.352504968356879,-0.5703513664136806
8.179396699451482,0.2700573583914221
8.087745024580222,-0.06863404608546861
8.63168496116719,1.987275999230808
10.911362722174722,0.10575379127148042
11.26370667765467,-0.8463159774657358
10.543479378670092,0.1998104337187135
10.26402008133367,1.2723535001067678
10.732492102779803,0.28872366282502326
8.345112563771703,-0.9600462952794637
9.877291066404275,0.09337237427665124
8.869796275326076,2.411676675578421
11.516394055253572,0.6021183203924835
10.072036861283745,-0.21220896990115168
9.048081539977764,0.07748051851886253
10.25775254014275,-1.2417605754816243
10.334176417244898,-0.15525904882474875
8.09219244212261,-0.8603850107795019
9.586394466578355,1.8876876573401904
10.556553124533758,-1.3354815690998914
10.486036289417637,-1.5473039889383655
11.082691053887073,-0.4711246518178786
9.90636381126083,1.32579664754219
8.71283643141575,-1.3971181851129912
9.416400673653996,1.0383788510193166
8.480653924523157,-2.832155598110569
9.548841141591002,0.5517407999109204
11.200261749738829,-0.463161362085399
9.588573392883998,1.1539007342557472
8.130258300304579,-0.38852077518300926
10.190423889925057,0.44921872128503426
9.490193306809118,0.03444101170584135
7.5116726465870105,-0.6582484123338483
10.453508712554468,-0.9822940342546795
10.058984221589597,0.446872500802698
9.657450799142236,0.1704637709965709
9.037267434715387,-0.20661127969604665
10.610216169589222,0.15697296096843422
9.413468730436065,0.224216404290793
10.714609790636619,-2.049941278577478
11.159074064955897,-0.336254738681072
10.42548993324023,1.197246923645228
8.628326302769533,-0.7094410024275466
9.711451304124296,-0.7837535211244283
11.734936575836809,-0.8567720938267928
9.444453220513134,0.20438903160297678
8.797850473923912,-0.39568071175626385
10.317453261250176,-0.33286040438251124
9.90661314110005,-0.5293321124483709
8.485529690819233,0.32159321133923857
11.754933071647242,0.01840163078343813
10.22526411724755,0.6927227551168594
8.730669503453301,1.7025146581296056
10.202328796422803,1.631856899089109
9.26696700447601,1.8180619225578247
10.775155494034783,0.5530400858523584
10.234024454353149,-0.24852861807444937
11.200531658473873,0.14035986984804696
8.032930296412848,-1.1171864617070024
9.814154247807252,0.3099989831655551
9.943411511100104,1.2189707897936632
8.048898135961375,0.1435879365051602
8.182020774612845,0.7597122954841684
9.905541285557998,0.41960997202411815
9.136117039410234,1.279464931657751
11.041724664058851,0.5835443030118876
9.870482753136558,0.5798572852951321
9.29310743201265,0.8555556590207121
11.64948089432392,1.0706105599791862
9.270397530192591,0.3614173172731029
8.706858456241353,0.5723903111756757
10.450603412862538,-1.869816339532164
8.838216156087636,-0.28313889674376713
9.699140252859173,-1.2094769354188053
10.388978729352184,0.2514736089405121
9.805730868021481,-0.7557915001583629
11.048707126416563,1.6554071130882952
9.516438516153462,-0.6121669171548207
10.491207665411997,-0.35802937974698623
9.860602799336766,0.7396531517246714
8.090643912492707,1.3183023248526693
10.072680524329341,-0.4114931445621802
9.91076584577855,-0.03757064497948127
8.268798696555075,1.494938227453236
10.041325632270619,0.4430021304473752
10.951549770574044,-1.0211624575603002
10.473471899035228,-0.26764109089879357
10.846770775216493,-2.1272274203514954
9.90090569975873,-0.6028206557839616
10.432262950634156,0.47004418736820214
9.292374105177974,-0.7121738641760436
9.88933463144267,-0.8966422273152082
